url,Title,Title_link,Authors,Authors_link,US Publisher,Month Read,Month Read,Year Read,Seq,_url_input,Month Published,Year Published,Picked By,Author Gender,Author Birth Country,Author Birth Continent
https://swordandlaser.fandom.com/wiki/Book_List,Magician: Apprentice,https://swordandlaser.fandom.com/wiki/Magician:_Apprentice,Raymond E. Feist,https://www.goodreads.com/author/show/8588.Raymond_E_Feist,Bantam,20-May,May,2020,132,https://swordandlaser.fandom.com/wiki/Book_List,Oct,1982,Viewer,Male,United States,North America
https://swordandlaser.fandom.com/wiki/Book_List,This is How You Lose the Time War,https://swordandlaser.fandom.com/wiki/This_is_How_You_Lose_the_Time_War,Amal El-Mohtar; Max Gladstone,https://www.goodreads.com/author/show/4175512.Amal_El_Mohtar; https://www.goodreads.com/author/show/3405346.Max_Gladstone,Saga Press,20-Apr,Apr,2020,131,https://swordandlaser.fandom.com/wiki/Book_List,July,2019,March Madness,Male,United States,North America
https://swordandlaser.fandom.com/wiki/Book_List,The Light Brigade,https://swordandlaser.fandom.com/wiki/The_Light_Brigade,Kameron Hurley,https://www.goodreads.com/author/show/4369922.Kameron_Hurley,Saga Press,20-Mar,Mar,2020,130,https://swordandlaser.fandom.com/wiki/Book_List,Mar,2019,Tom,Female,United States,North America
https://swordandlaser.fandom.com/wiki/Book_List,Gideon the Ninth,https://swordandlaser.fandom.com/wiki/Gideon_the_Ninth,Tamsyn Muir,https://www.goodreads.com/author/show/6876324.Tamsyn_Muir,Tor,20-Feb,Feb,2020,129,https://swordandlaser.fandom.com/wiki/Book_List,Sep,2019,Veronica,Female,New Zealand,Oceana
https://swordandlaser.fandom.com/wiki/Book_List,In the Company of Others,https://swordandlaser.fandom.com/wiki/In_the_Company_of_Others,Julie E. Czerneda,https://www.goodreads.com/author/show/4005.Julie_E_Czerneda,DAW,20-Jan,Jan,2020,128,https://swordandlaser.fandom.com/wiki/Book_List,Jun,2001,Tom,Female,Canada,North America
https://swordandlaser.fandom.com/wiki/Book_List,Hogfather,https://swordandlaser.fandom.com/wiki/Hogfather,Terry Pratchett,,Harper,19-Dec,Dec,2019,127,https://swordandlaser.fandom.com/wiki/Book_List,Oct,2006,Veronica,Male,United Kingdom,Europe
https://swordandlaser.fandom.com/wiki/Book_List,The Snow Queen,https://swordandlaser.fandom.com/wiki/The_Snow_Queen,Joan D. Vinge,https://www.goodreads.com/author/show/32279.Joan_D_Vinge,Tor,19-Nov,Nov,2019,126,https://swordandlaser.fandom.com/wiki/Book_List,Apr,1980,Tom,Female,United States,North America
https://swordandlaser.fandom.com/wiki/Book_List,Seven Blades in Black,https://swordandlaser.fandom.com/wiki/Seven_Blades_in_Black,Sam Sykes,https://www.goodreads.com/author/show/3252210.Sam_Sykes,Orbit,19-Oct,Oct,2019,125,https://swordandlaser.fandom.com/wiki/Book_List,Apr,2019,Veronica,Male,United States,North America
https://swordandlaser.fandom.com/wiki/Book_List,Trail of Lightning,https://swordandlaser.fandom.com/wiki/Trail_of_Lightning,Rebecca Roanhorse,https://www.goodreads.com/author/show/15862877.Rebecca_Roanhorse,Saga Press,19-Sep,Sep,2019,124,https://swordandlaser.fandom.com/wiki/Book_List,June,2018,Tom,Female,United States,North America
https://swordandlaser.fandom.com/wiki/Book_List,The Poppy War,https://swordandlaser.fandom.com/wiki/The_Poppy_War,R.F.Kuang,https://www.goodreads.com/author/show/16820001.R_F_Kuang,Harper Voyager,19-Aug,Aug,2019,123,https://swordandlaser.fandom.com/wiki/Book_List,May,2018,Veronica,Female,China,Asia
https://swordandlaser.fandom.com/wiki/Book_List,Vessel,https://swordandlaser.fandom.com/wiki/Vessel,Lisa A. Nichols,https://www.goodreads.com/author/show/733390.Lisa_A_Nichols,Atria,19-Jul,Jul,2019,122,https://swordandlaser.fandom.com/wiki/Book_List,May,2019,Guest,Female,United States,North America
https://swordandlaser.fandom.com/wiki/Book_List,The Last Unicorn,https://swordandlaser.fandom.com/wiki/The_Last_Unicorn,Peter S. Beagle,https://www.goodreads.com/author/show/1067608.Peter_S_Beagle,Penguin Roc,19-Jun,Jun,2019,121,https://swordandlaser.fandom.com/wiki/Book_List,,1968,Veronica,Male,United States,North America
https://swordandlaser.fandom.com/wiki/Book_List,The Martian Chronicles,https://swordandlaser.fandom.com/wiki/The_Martian_Chronicles,Ray Bradbury,https://www.goodreads.com/author/show/1630.Ray_Bradbury,Doubleday,19-May,May,2019,120,https://swordandlaser.fandom.com/wiki/Book_List,,1949,Tom,Male,United States,North America
https://swordandlaser.fandom.com/wiki/Book_List,Theft of Swords,https://swordandlaser.fandom.com/wiki/Theft_of_Swords,Michael J. Sullivan,https://www.goodreads.com/author/show/2063919.Michael_J_Sullivan,Orbit,19-Apr,Apr,2019,119,https://swordandlaser.fandom.com/wiki/Book_List,Nov,2011,March Madness,Male,United States,North America
https://swordandlaser.fandom.com/wiki/Book_List,Harry Potter and the Philosopher's Stone,https://swordandlaser.fandom.com/wiki/Harry_Potter_and_the_Philosopher%27s_Stone,J.K.Rowling,https://www.goodreads.com/author/show/1077326.J_K_Rowling,Scholastic,19-Mar,Mar,2019,118,https://swordandlaser.fandom.com/wiki/Book_List,Jun,1997,Tom,Female,United Kingdom,Europe
https://swordandlaser.fandom.com/wiki/Book_List,The Calculating Stars,https://swordandlaser.fandom.com/wiki/The_Calculating_Stars,Mary Robinette Kowal,https://www.goodreads.com/author/show/2868678.Mary_Robinette_Kowal,Tor Books,19-Feb,Feb,2019,117,https://swordandlaser.fandom.com/wiki/Book_List,Jul,2018,Veronica,Female,United States,North America
https://swordandlaser.fandom.com/wiki/Book_List,Ninefox Gambit,https://swordandlaser.fandom.com/wiki/Ninefox_Gambit,Yoon Ha Lee,https://www.goodreads.com/author/show/3001246.Yoon_Ha_Lee,Solaris Books,19-Jan,Jan,2019,116,https://swordandlaser.fandom.com/wiki/Book_List,Jun,2016,Poll,Male,United States,North America
https://swordandlaser.fandom.com/wiki/Book_List,Ka: Dar Oakley in the Ruin of Ymr,https://swordandlaser.fandom.com/wiki/Ka:_Dar_Oakley_in_the_Ruin_of_Ymr,John Crowley,https://www.goodreads.com/author/show/52074.John_Crowley,Saga Press,18-Dec,Dec,2018,115,https://swordandlaser.fandom.com/wiki/Book_List,Oct,2017,Veronica,Male,United States,North America
https://swordandlaser.fandom.com/wiki/Book_List,Zeroes,https://swordandlaser.fandom.com/wiki/Zeroes,Chuck Wendig,https://www.goodreads.com/author/show/17152.Chuck_Wendig,Harper Voyager,18-Nov,Nov,2018,114,https://swordandlaser.fandom.com/wiki/Book_List,Aug,2015,Tom,Male,United States,North America
https://swordandlaser.fandom.com/wiki/Book_List,Lovecraft Country,https://swordandlaser.fandom.com/wiki/Lovecraft_Country,Matt Ruff,https://www.goodreads.com/author/show/40577.Matt_Ruff,Harper,18-Oct,Oct,2018,113,https://swordandlaser.fandom.com/wiki/Book_List,Feb,2016,Veronica,Male,United States,North America
https://swordandlaser.fandom.com/wiki/Book_List,Slan,https://swordandlaser.fandom.com/wiki/Slan,A.E. van Vogt,https://www.goodreads.com/author/show/1293688.A_E_van_Vogt,Orb Books,18-Sep,Sep,2018,112,https://swordandlaser.fandom.com/wiki/Book_List,Sep,1940,Tom,Male,Canada,North America
https://swordandlaser.fandom.com/wiki/Book_List,Jade City,https://swordandlaser.fandom.com/wiki/Jade_City,Fonda Lee,https://www.goodreads.com/author/show/7705004.Fonda_Lee,Orbit,18-Aug,Aug,2018,111,https://swordandlaser.fandom.com/wiki/Book_List,Nov,2017,Veronica,Female,Canada,North America
https://swordandlaser.fandom.com/wiki/Book_List,Mortal Engines,https://swordandlaser.fandom.com/wiki/Mortal_Engines,Philip Reeve,https://www.goodreads.com/author/show/27379.Philip_Reeve,Harper Collins,18-Jul,Jul,2018,110,https://swordandlaser.fandom.com/wiki/Book_List,Nov,2011,Tom,Male,United Kingdom,Europe
https://swordandlaser.fandom.com/wiki/Book_List,Circe,https://swordandlaser.fandom.com/wiki/Circe,Madeline Miller,https://www.goodreads.com/author/show/176372.Madeline_Miller,Lee Boudreaux Books,18-Jun,Jun,2018,109,https://swordandlaser.fandom.com/wiki/Book_List,Apr,2018,Poll,Female,United States,North America
https://swordandlaser.fandom.com/wiki/Book_List,Night's Master,https://swordandlaser.fandom.com/wiki/Night%27s_Master,Tanith Lee,https://www.goodreads.com/author/show/8694.Tanith_Lee,DAW Books,18-May,May,2018,108,https://swordandlaser.fandom.com/wiki/Book_List,Jan,1978,Veronica,Female,United Kingdom,Europe
https://swordandlaser.fandom.com/wiki/Book_List,Soulless,https://swordandlaser.fandom.com/wiki/Soulless,Gail Carriger,https://www.goodreads.com/author/show/2891665.Gail_Carriger,Orbit,18-Apr,Apr,2018,107a,https://swordandlaser.fandom.com/wiki/Book_List,Oct,2009,March Madness,Female,United States,North America
https://swordandlaser.fandom.com/wiki/Book_List,We are Legion We are Bob,https://swordandlaser.fandom.com/wiki/We_are_Legion_We_are_Bob,Dennis E. Taylor,https://www.goodreads.com/author/show/12130438.Dennis_E_Taylor,Worldbuilders Press,18-Apr,Apr,2018,107,https://swordandlaser.fandom.com/wiki/Book_List,Sep,2016,March Madness,Male,Canada,North America
https://swordandlaser.fandom.com/wiki/Book_List,An Unkindness of Ghosts,https://swordandlaser.fandom.com/wiki/An_Unkindness_of_Ghosts,Rivers Solomon,https://www.goodreads.com/author/show/16488815.Rivers_Solomon,Akashic Books,18-Mar,Mar,2018,106,https://swordandlaser.fandom.com/wiki/Book_List,Oct,2017,Tom,Non-binary,United States,North America
https://swordandlaser.fandom.com/wiki/Book_List,A Wrinkle in Time,https://swordandlaser.fandom.com/wiki/A_Wrinkle_in_Time,Madeleine L'Engle,https://www.goodreads.com/author/show/106.Madeleine_L_Engle,"Farrar, Straus and Giroux",18-Feb,Feb,2018,105,https://swordandlaser.fandom.com/wiki/Book_List,,1962,Veronica,Female,United States,North America
https://swordandlaser.fandom.com/wiki/Book_List,"Frankenstein, or the Modern Prometheus","https://swordandlaser.fandom.com/wiki/Frankenstein,_or_the_Modern_Prometheus",Mary Wollstonecraft Shelley,https://www.goodreads.com/author/show/11139.Mary_Wollstonecraft_Shelley,Public Domain,18-Jan,Jan,2018,104,https://swordandlaser.fandom.com/wiki/Book_List,Jan,1818,Tom,Female,United Kingdom,Europe
https://swordandlaser.fandom.com/wiki/Book_List,California Bones,https://swordandlaser.fandom.com/wiki/California_Bones,Greg van Eekhout,https://www.goodreads.com/author/show/1957584.Greg_Van_Eekhout,Tor Books,17-Dec,Dec,2017,103,https://swordandlaser.fandom.com/wiki/Book_List,May,2014,Veronica,Male,United States,North America
https://swordandlaser.fandom.com/wiki/Book_List,Doomsday Book,https://swordandlaser.fandom.com/wiki/Doomsday_Book,Connie Willis,https://www.goodreads.com/author/show/14032.Connie_Willis,Bantam Spectra,17-Nov,Nov,2017,102,https://swordandlaser.fandom.com/wiki/Book_List,Jun,1992,Poll,Female,United States,North America
https://swordandlaser.fandom.com/wiki/Book_List,The Strange Case of the Alchemist's Daughter,https://swordandlaser.fandom.com/wiki/The_Strange_Case_of_the_Alchemist%27s_Daughter,Theodora Goss,https://www.goodreads.com/author/show/11890.Theodora_Goss,Saga Press,17-Oct,Oct,2017,101,https://swordandlaser.fandom.com/wiki/Book_List,Jun,2017,Veronica,Female,Hungary,Europe
https://swordandlaser.fandom.com/wiki/Book_List,Helliconia Spring,https://swordandlaser.fandom.com/wiki/Helliconia_Spring,Brian Aldiss,https://www.goodreads.com/author/show/33297.Brian_W_Aldiss,iBooks,17-Sep,Sep,2017,100,https://swordandlaser.fandom.com/wiki/Book_List,,1982,Tom & Veronica,Male,United Kingdom,Europe
https://swordandlaser.fandom.com/wiki/Book_List,The Gunslinger,https://swordandlaser.fandom.com/wiki/The_Gunslinger,Stephen King,https://www.goodreads.com/author/show/3389.Stephen_King,Grant,17-Aug,Aug,2017,99,https://swordandlaser.fandom.com/wiki/Book_List,Jun,1982,Veronica,Male,United States,North America
https://swordandlaser.fandom.com/wiki/Book_List,The Left Hand of Darkness,https://swordandlaser.fandom.com/wiki/The_Left_Hand_of_Darkness,Ursula K. Le Guin,https://www.goodreads.com/author/show/874602.Ursula_K_Le_Guin,Ace Books,17-Jul,Jul,2017,98,https://swordandlaser.fandom.com/wiki/Book_List,,1969,Poll,Female,United States,North America
https://swordandlaser.fandom.com/wiki/Book_List,The Hum and the Shiver,https://swordandlaser.fandom.com/wiki/The_Hum_and_the_Shiver,Alex Bledsoe,https://www.goodreads.com/author/show/644349.Alex_Bledsoe,Tor Books,17-Jun,Jun,2017,97,https://swordandlaser.fandom.com/wiki/Book_List,Sep,2011,Tom & Veronica,Male,United States,North America
https://swordandlaser.fandom.com/wiki/Book_List,"The Long Way to a Small, Angry Planet","https://swordandlaser.fandom.com/wiki/The_Long_Way_to_a_Small,_Angry_Planet",Becky Chambers,https://www.goodreads.com/author/show/8389735.Becky_Chambers,Harper Voyager,17-May,May,2017,96,https://swordandlaser.fandom.com/wiki/Book_List,Jul,2014,Tom,Female,United States,North America
https://swordandlaser.fandom.com/wiki/Book_List,The Invisible Library,https://swordandlaser.fandom.com/wiki/The_Invisible_Library,Genevieve Cogman,https://www.goodreads.com/author/show/119888.Genevieve_Cogman,Ace Books,Apr '17,Apr,2017,95,https://swordandlaser.fandom.com/wiki/Book_List,Jan,2015,March Madness,Female,United Kingdom,Europe
https://swordandlaser.fandom.com/wiki/Book_List,Gateway,https://swordandlaser.fandom.com/wiki/Gateway,Frederik Pohl,https://www.goodreads.com/author/show/22996.Frederik_Pohl,St. Martin's Press,Mar '17,Mar,2017,94,https://swordandlaser.fandom.com/wiki/Book_List,,1977,Tom,Male,United States,North America
https://swordandlaser.fandom.com/wiki/Book_List,The Salt Roads,https://swordandlaser.fandom.com/wiki/The_Salt_Roads,Nalo Hopkinson,https://www.goodreads.com/author/show/27528.Nalo_Hopkinson,Grand Central Publishing,Feb '17,Feb,2017,93,https://swordandlaser.fandom.com/wiki/Book_List,Nov,2004,Veronica,Female,Jamaica,North America
https://swordandlaser.fandom.com/wiki/Book_List,The Three-Body Problem,https://swordandlaser.fandom.com/wiki/The_Three-Body_Problem,Liu Cixin,https://www.goodreads.com/author/show/5780686.Liu_Cixin,Tor Books,Jan '17,Jan,2017,92,https://swordandlaser.fandom.com/wiki/Book_List,May,2006,Tom,Male,China,Asia
https://swordandlaser.fandom.com/wiki/Book_List,The Rook,https://swordandlaser.fandom.com/wiki/The_Rook,Daniel O'Malley,https://www.goodreads.com/author/show/4730894.Daniel_O_Malley,"Little, Brown and Company",Dec '16,Dec,2016,91,https://swordandlaser.fandom.com/wiki/Book_List,Jan,2012,Veronica,Male,Australia,Oceana
https://swordandlaser.fandom.com/wiki/Book_List,Futuristic Violence and Fancy Suits,https://swordandlaser.fandom.com/wiki/Futuristic_Violence_and_Fancy_Suits,David Wong,https://www.goodreads.com/author/show/225033.David_Wong,Thomas Dunne Books,Nov '16,Nov,2016,90,https://swordandlaser.fandom.com/wiki/Book_List,Oct,2015,Poll,Male,United States,North America
https://swordandlaser.fandom.com/wiki/Book_List,The Golem and the Jinni,https://swordandlaser.fandom.com/wiki/The_Golem_and_the_Jinni,Helene Wecker,https://www.goodreads.com/author/show/6466778.Helene_Wecker,Harper,Oct '16,Oct,2016,89,https://swordandlaser.fandom.com/wiki/Book_List,Apr,2013,Veronica,Female,United States,North America
https://swordandlaser.fandom.com/wiki/Book_List,A Fire Upon The Deep,https://swordandlaser.fandom.com/wiki/A_Fire_Upon_The_Deep,Vernor Vinge,https://www.goodreads.com/author/show/44037.Vernor_Vinge,Tor Books,Sep '16,Sep,2016,88,https://swordandlaser.fandom.com/wiki/Book_List,Aug,2010,Tom,Male,United States,North America
https://swordandlaser.fandom.com/wiki/Book_List,The Last Wish,https://swordandlaser.fandom.com/wiki/The_Last_Wish,Andrzej Sapkowski,https://www.goodreads.com/author/show/38569.Andrzej_Sapkowski,Gollancz,Aug '16,Aug,2016,87,https://swordandlaser.fandom.com/wiki/Book_List,Jan,1993,Veronica,Male,Poland,Europe
https://swordandlaser.fandom.com/wiki/Book_List,The Time Traders,https://swordandlaser.fandom.com/wiki/The_Time_Traders,Andre Norton,https://www.goodreads.com/author/show/4766.Andre_Norton,World Publishing Co.,Jul '16,Jul,2016,86,https://swordandlaser.fandom.com/wiki/Book_List,Jan,1958,Tom,Female,United States,North America
https://swordandlaser.fandom.com/wiki/Book_List,Updraft,https://swordandlaser.fandom.com/wiki/Updraft,Fran Wilde,https://www.goodreads.com/author/show/5214733.Fran_Wilde,Tor Books,Jun '16,Jun,2016,85,https://swordandlaser.fandom.com/wiki/Book_List,Sep,2015,Veronica,Female,United States,North America
https://swordandlaser.fandom.com/wiki/Book_List,Aurora,https://swordandlaser.fandom.com/wiki/Aurora,Kim Stanley Robinson,https://www.goodreads.com/author/show/1858.Kim_Stanley_Robinson,Orbit,May '16,May,2016,84,https://swordandlaser.fandom.com/wiki/Book_List,Jul,2015,Poll,Male,United States,North America
https://swordandlaser.fandom.com/wiki/Book_List,A Darker Shade of Magic,https://swordandlaser.fandom.com/wiki/A_Darker_Shade_of_Magic,V.E.Schwab,https://www.goodreads.com/author/show/7168230.V_E_Schwab,Tor Books,Apr '16,Apr,2016,83,https://swordandlaser.fandom.com/wiki/Book_List,Feb,2015,March Madness,Female,United States,North America
https://swordandlaser.fandom.com/wiki/Book_List,The Fifth Season,https://swordandlaser.fandom.com/wiki/The_Fifth_Season,N.K.Jemisin,https://www.goodreads.com/author/show/2917917.N_K_Jemisin,Orbit,Apr '16,Apr,2016,83a,https://swordandlaser.fandom.com/wiki/Book_List,Aug,2015,March Madness,Female,United States,North America
https://swordandlaser.fandom.com/wiki/Book_List,All the Birds in the Sky,https://swordandlaser.fandom.com/wiki/All_the_Birds_in_the_Sky,Charlie Jane Anders,https://www.goodreads.com/author/show/4918514.Charlie_Jane_Anders,Tor Books,Mar '16,Mar,2016,82,https://swordandlaser.fandom.com/wiki/Book_List,Jan,2016,Tom,Male,United States,North America
https://swordandlaser.fandom.com/wiki/Book_List,The Sword of Shannara,https://swordandlaser.fandom.com/wiki/The_Sword_of_Shannara,Terry Brooks,https://www.goodreads.com/author/show/9629.Terry_Brooks,Del Rey,Feb '16,Feb,2016,81,https://swordandlaser.fandom.com/wiki/Book_List,,1977,Veronica,Male,United States,North America
https://swordandlaser.fandom.com/wiki/Book_List,Radiance,https://swordandlaser.fandom.com/wiki/Radiance,Catherynne M.Valente,https://www.goodreads.com/author/show/338705.Catherynne_M_Valente,Tor Books,Jan '16,Jan,2016,80,https://swordandlaser.fandom.com/wiki/Book_List,Oct,2015,Tom,Female,United States,North America
https://swordandlaser.fandom.com/wiki/Book_List,Arrows of the Queen,https://swordandlaser.fandom.com/wiki/Arrows_of_the_Queen,Mercedes Lackey,https://www.goodreads.com/author/show/8685.Mercedes_Lackey,DAW Books,Dec '15,Dec,2015,79,https://swordandlaser.fandom.com/wiki/Book_List,,1987,Veronica,Female,United States,North America
https://swordandlaser.fandom.com/wiki/Book_List,Time and Again,https://swordandlaser.fandom.com/wiki/Time_and_Again,Jack Finney,https://www.goodreads.com/author/show/6944.Jack_Finney,Orion Publishing,Nov '15,Nov,2015,78,https://swordandlaser.fandom.com/wiki/Book_List,,1970,Poll,Male,United States,North America
https://swordandlaser.fandom.com/wiki/Book_List,The Traitor Baru Cormorant,https://swordandlaser.fandom.com/wiki/The_Traitor_Baru_Cormorant,Seth Dickinson,https://www.goodreads.com/author/show/5760737.Seth_Dickinson,Tor,Oct '15,Oct,2015,77,https://swordandlaser.fandom.com/wiki/Book_List,Sep,2015,Poll,Male,United States,North America
https://swordandlaser.fandom.com/wiki/Book_List,A Canticle for Leibowitz,https://swordandlaser.fandom.com/wiki/A_Canticle_for_Leibowitz,Walter M. Miller Jr,https://www.goodreads.com/author/show/6025722.Walter_M_Miller_Jr_,HarperCollins EOS,Sep '15,Sep,2015,76,https://swordandlaser.fandom.com/wiki/Book_List,Oct,1959,Poll,Male,United States,North America
https://swordandlaser.fandom.com/wiki/Book_List,Uprooted,https://swordandlaser.fandom.com/wiki/Uprooted,Naomi Novik,https://www.goodreads.com/author/show/8730.Naomi_Novik,Del Rey,Aug '15,Aug,2015,75,https://swordandlaser.fandom.com/wiki/Book_List,May,2015,Veronica,Female,United States,North America
https://swordandlaser.fandom.com/wiki/Book_List,Station Eleven,https://swordandlaser.fandom.com/wiki/Station_Eleven,Emily St. John Mandel,https://www.goodreads.com/author/show/2786093.Emily_St_John_Mandel,Knopf,Jul '15,Jul,2015,74,https://swordandlaser.fandom.com/wiki/Book_List,Sep,2014,Poll,Female,Canada,North America
https://swordandlaser.fandom.com/wiki/Book_List,City of Stairs,https://swordandlaser.fandom.com/wiki/City_of_Stairs,Robert Jackson Bennett,https://www.goodreads.com/author/show/2916869.Robert_Jackson_Bennett,Broadway Books,Jun '15,Jun,2015,73,https://swordandlaser.fandom.com/wiki/Book_List,Sep,2014,Veronica,Male,United States,North America
https://swordandlaser.fandom.com/wiki/Book_List,The Sword of Rhiannon,https://swordandlaser.fandom.com/wiki/The_Sword_of_Rhiannon,Leigh Brackett,https://www.goodreads.com/author/show/22648.Leigh_Brackett,Ace Books,May '15,May,2015,72,https://swordandlaser.fandom.com/wiki/Book_List,,1949,Tom,Female,United States,North America
https://swordandlaser.fandom.com/wiki/Book_List,Wyrd Sisters,https://swordandlaser.fandom.com/wiki/Wyrd_Sisters,Terry Pratchett,https://www.goodreads.com/author/show/1654.Terry_Pratchett,Hartorch,Apr '15,Apr,2015,71,https://swordandlaser.fandom.com/wiki/Book_List,Nov,1988,Poll,Male,United Kingdom,Europe
https://swordandlaser.fandom.com/wiki/Book_List,The Goblin Emperor,https://swordandlaser.fandom.com/wiki/The_Goblin_Emperor,Katherine Addison,https://www.goodreads.com/author/show/6949698.Katherine_Addison,Tor Books,Mar '15,Mar,2015,70,https://swordandlaser.fandom.com/wiki/Book_List,Apr,2014,Tom,Female,United States,North America
https://swordandlaser.fandom.com/wiki/Book_List,Annihilation,https://swordandlaser.fandom.com/wiki/Annihilation,Jeff VanderMeer,https://www.goodreads.com/author/show/33919.Jeff_VanderMeer,FSG Originals,Feb '15,Feb,2015,69,https://swordandlaser.fandom.com/wiki/Book_List,Feb,2014,Veronica,Male,United States,North America
https://swordandlaser.fandom.com/wiki/Book_List,The Sparrow,https://swordandlaser.fandom.com/wiki/The_Sparrow,Mary Doria Russell,https://www.goodreads.com/author/show/4007.Mary_Doria_Russell,Ballantine Books,Jan '15,Jan,2015,68,https://swordandlaser.fandom.com/wiki/Book_List,Sep,1997,Poll,Female,United States,North America
https://swordandlaser.fandom.com/wiki/Book_List,The Night Circus,https://swordandlaser.fandom.com/wiki/The_Night_Circus,Erin Morgenstern,https://www.goodreads.com/author/show/4370565.Erin_Morgenstern,Doubleday,Dec '14,Dec,2014,67,https://swordandlaser.fandom.com/wiki/Book_List,Sep,2011,Veronica,Female,United States,North America
https://swordandlaser.fandom.com/wiki/Book_List,Do Androids Dream of Electric Sheep,https://swordandlaser.fandom.com/wiki/Do_Androids_Dream_of_Electric_Sheep,Philip K. Dick,https://www.goodreads.com/author/show/4764.Philip_K_Dick,Del Rey,Nov '14,Nov,2014,66,https://swordandlaser.fandom.com/wiki/Book_List,Jan,1968,Tom,Male,United States,North America
https://swordandlaser.fandom.com/wiki/Book_List,Alif the Unseen,https://swordandlaser.fandom.com/wiki/Alif_the_Unseen,G. Willow Wilson,https://www.goodreads.com/author/show/815259.G_Willow_Wilson,Grove Press,Oct '14,Oct,2014,65,https://swordandlaser.fandom.com/wiki/Book_List,Jun,2012,Veronica,Female,United States,North America
https://swordandlaser.fandom.com/wiki/Book_List,Stories of Your Life and Others,https://swordandlaser.fandom.com/wiki/Stories_of_Your_Life_and_Others,Ted Chiang,https://www.goodreads.com/author/show/130698.Ted_Chiang,Small Beer Press,Sep '14,Sep,2014,64,https://swordandlaser.fandom.com/wiki/Book_List,Jul,2002,Tom,Male,United States,North America
https://swordandlaser.fandom.com/wiki/Book_List,The Name of the Wind,https://swordandlaser.fandom.com/wiki/The_Name_of_the_Wind,Patrick Rothfuss,https://www.goodreads.com/author/show/108424,DAW (Penguin Group),Aug '14,Aug,2014,63,https://swordandlaser.fandom.com/wiki/Book_List,Mar,2007,Veronica,Male,United States,North America
https://swordandlaser.fandom.com/wiki/Book_List,Dawn,https://swordandlaser.fandom.com/wiki/Dawn,Octavia E. Butler,https://www.goodreads.com/author/show/29535.Octavia_E_Butler,Warner Books,Jul '14,Jul,2014,62,https://swordandlaser.fandom.com/wiki/Book_List,May,1987,Poll,Female,United States,North America
https://swordandlaser.fandom.com/wiki/Book_List,Promise of Blood,https://swordandlaser.fandom.com/wiki/Promise_of_Blood,Brian McClellan,https://www.goodreads.com/author/show/6524620.Brian_McClellan,Orbit (Hachette),Jun '14,Jun,2014,61,https://swordandlaser.fandom.com/wiki/Book_List,Apr,2013,Poll,Male,United States,North America
https://swordandlaser.fandom.com/wiki/Book_List,The Martian,https://swordandlaser.fandom.com/wiki/The_Martian,Andy Weir,https://www.goodreads.com/author/show/6540057.Andy_Weir,Broadway Books (Random House),May '14,May,2014,60,https://swordandlaser.fandom.com/wiki/Book_List,Sep,2012,Veronica,Male,United States,North America
https://swordandlaser.fandom.com/wiki/Book_List,A Dance of Cloaks,https://swordandlaser.fandom.com/wiki/A_Dance_of_Cloaks,David Dalglish,https://www.goodreads.com/author/show/3399559.David_Dalglish,Orbit (Hachette),Apr '14,Apr,2014,59,https://swordandlaser.fandom.com/wiki/Book_List,Aug,2010,Kickstarter,Male,United States,North America
https://swordandlaser.fandom.com/wiki/Book_List,The Brand,https://swordandlaser.fandom.com/wiki/The_Brand,Bryan Alexander Benson,https://www.goodreads.com/author/show/7884330.Bryan_Alexander_Benson,CreateSpace Independent Publishing Platform,Apr '14,Apr,2014,59a,https://swordandlaser.fandom.com/wiki/Book_List,Jan,2014,Kickstarter,Male,United States,North America
https://swordandlaser.fandom.com/wiki/Book_List,Altered Carbon,https://swordandlaser.fandom.com/wiki/Altered_Carbon,Richard K. Morgan,https://www.goodreads.com/author/show/16496.Richard_K_Morgan,Del Rey (Random House),Mar '14,Mar,2014,58,https://swordandlaser.fandom.com/wiki/Book_List,Feb,2002,Poll,Male,United States,North America
https://swordandlaser.fandom.com/wiki/Book_List,A Wizard of Earthsea,https://swordandlaser.fandom.com/wiki/A_Wizard_of_Earthsea,Ursula K. Le Guin,https://www.goodreads.com/author/show/874602.Ursula_K_Le_Guin,Parnassus Press (Hachette),Feb '14,Feb,2014,57,https://swordandlaser.fandom.com/wiki/Book_List,Nov,1968,Veronica,Female,United States,North America
https://swordandlaser.fandom.com/wiki/Book_List,The Einstein Intersection,https://swordandlaser.fandom.com/wiki/The_Einstein_Intersection,Samuel R. Delaney,https://www.goodreads.com/author/show/49111.Samuel_R_Delany,Ace Books (Penguin Random House),Jan '14,Jan,2014,56,https://swordandlaser.fandom.com/wiki/Book_List,,1967,Tom,Male,United States,North America
https://swordandlaser.fandom.com/wiki/Book_List,His Majesty's Dragon,https://swordandlaser.fandom.com/wiki/His_Majesty%27s_Dragon,Naomi Novik,https://www.goodreads.com/author/show/8730.Naomi_Novik,Del Rey (Penguin Random House),Dec '13,Dec,2013,55a,https://swordandlaser.fandom.com/wiki/Book_List,Jan,2006,Tom,Female,United States,North America
https://swordandlaser.fandom.com/wiki/Book_List,A Natural History of Dragons: A Memoir by Lady Trent,https://swordandlaser.fandom.com/wiki/A_Natural_History_of_Dragons:_A_Memoir_by_Lady_Trent,Marie Brennan,https://www.goodreads.com/author/show/105839.Marie_Brennan,Tor Books (Macmillan),Dec '13,Dec,2013,55,https://swordandlaser.fandom.com/wiki/Book_List,Feb,2013,Veronica,Female,United States,North America
https://swordandlaser.fandom.com/wiki/Book_List,Ancillary Justice,https://swordandlaser.fandom.com/wiki/Ancillary_Justice,Ann Leckie,https://www.goodreads.com/author/show/3365457.Ann_Leckie,Orbit (Hachette),Nov '13,Nov,2013,54,https://swordandlaser.fandom.com/wiki/Book_List,Oct,2013,Tom,Female,United States,North America
https://swordandlaser.fandom.com/wiki/Book_List,Boneshaker,https://swordandlaser.fandom.com/wiki/Boneshaker,Cherie Priest,http://www.goodreads.com/author/show/221253.Cherie_Priest,Tor Books (Macmillan),Oct '13,Oct,2013,53,https://swordandlaser.fandom.com/wiki/Book_List,Jun,2009,Veronica,Female,United States,North America
https://swordandlaser.fandom.com/wiki/Book_List,The Demolished Man,https://swordandlaser.fandom.com/wiki/The_Demolished_Man,Alfred Bester,http://www.goodreads.com/author/show/10992.Alfred_Bester,Shasta Publishers [1947-1957],Sep '13,Sep,2013,52,https://swordandlaser.fandom.com/wiki/Book_List,Mar,1953,Tom,Male,United States,North America
https://swordandlaser.fandom.com/wiki/Book_List,The Curse of Chalion,https://swordandlaser.fandom.com/wiki/The_Curse_of_Chalion,Lois McMaster Bujold,http://www.goodreads.com/author/show/16094.Lois_McMaster_Bujold,Eos (Harper Collins),Aug '13,Aug,2013,51,https://swordandlaser.fandom.com/wiki/Book_List,Dec,2000,Tom & Veronica,Female,United States,North America
https://swordandlaser.fandom.com/wiki/Book_List,Ringworld,https://swordandlaser.fandom.com/wiki/Ringworld,Larry Niven,http://www.goodreads.com/author/show/12534.Larry_Niven,Ballantine Books (Penguin Random House),Jul '13,Jul,2013,50,https://swordandlaser.fandom.com/wiki/Book_List,Oct,1970,Poll,Male,United States,North America
https://swordandlaser.fandom.com/wiki/Book_List,RedShirts,https://swordandlaser.fandom.com/wiki/RedShirts,John Scalzi,http://www.goodreads.com/author/show/4763.John_Scalzi,Tor Books (Macmillan),Jul '13,Jul,2013,49a,https://swordandlaser.fandom.com/wiki/Book_List,Jun,2012,Poll,Male,United States,North America
https://swordandlaser.fandom.com/wiki/Book_List,Among Others,https://swordandlaser.fandom.com/wiki/Among_Others,Jo Walton,http://www.goodreads.com/author/show/107170.Jo_Walton,Tor Books (Macmillan),Jun '13,Jun,2013,49,https://swordandlaser.fandom.com/wiki/Book_List,Jan,2011,Veronica,Female,United Kingdom,Europe
https://swordandlaser.fandom.com/wiki/Book_List,Wool,https://swordandlaser.fandom.com/wiki/Wool,Hugh Howey,http://www.goodreads.com/author/show/3064305.Hugh_Howey,Kindle Direct Publishing,May '13,May,2013,48,https://swordandlaser.fandom.com/wiki/Book_List,Jan,2012,Tom,Male,United States,North America
https://swordandlaser.fandom.com/wiki/Book_List,Dragonflight,https://swordandlaser.fandom.com/wiki/Dragonflight,Anne McCaffrey,http://www.goodreads.com/author/show/26.Anne_McCaffrey,Ballantine Books (Penguin Random House),Apr '13,Apr,2013,47,https://swordandlaser.fandom.com/wiki/Book_List,,1968,Veronica,Female,United States,North America
https://swordandlaser.fandom.com/wiki/Book_List,Downbelow Station,https://swordandlaser.fandom.com/wiki/Downbelow_Station,C.J. Cherryh,http://www.goodreads.com/author/show/989968.C_J_Cherryh,DAW Books (Penguin Random House),Mar '13,Mar,2013,46,https://swordandlaser.fandom.com/wiki/Book_List,,1981,Tom,Female,United States,North America
https://swordandlaser.fandom.com/wiki/Book_List,Bridge of Birds,https://swordandlaser.fandom.com/wiki/Bridge_of_Birds,Barry Hughart,http://www.goodreads.com/author/show/9465.Barry_Hughart,St. Martin's Press (Macmillan),Feb '13,Feb,2013,45,https://swordandlaser.fandom.com/wiki/Book_List,Apr,1985,Unclear,Male,United States,North America
https://swordandlaser.fandom.com/wiki/Book_List,Old Man's War,https://swordandlaser.fandom.com/wiki/Old_Man%27s_War,John Scalzi,http://www.goodreads.com/author/show/4763.John_Scalzi,Tor Books (Macmillan),Jan '13,Jan,2013,44,https://swordandlaser.fandom.com/wiki/Book_List,Dec,2005,Tom,Male,United States,North America
https://swordandlaser.fandom.com/wiki/Book_List,The Hobbit,https://swordandlaser.fandom.com/wiki/The_Hobbit,J.R.R.Tolkien,http://www.goodreads.com/author/show/656983.J_R_R_Tolkien,Houghton Mifflin Harcourt,Dec '12,Dec,2012,43,https://swordandlaser.fandom.com/wiki/Book_List,Sept,1937,Tom & Veronica,Male,South Africa,Africa
https://swordandlaser.fandom.com/wiki/Book_List,The Dirty Streets of Heaven,https://swordandlaser.fandom.com/wiki/The_Dirty_Streets_of_Heaven,Tad Williams,http://www.goodreads.com/author/show/6587.Tad_Williams,DAW Books (Penguin Random House),Nov '12,Nov,2012,42,https://swordandlaser.fandom.com/wiki/Book_List,Sep,2012,Tom & Veronica,Male,United States,North America
https://swordandlaser.fandom.com/wiki/Book_List,Cloud Atlas,https://swordandlaser.fandom.com/wiki/Cloud_Atlas,David Mitchell,https://www.goodreads.com/author/show/6538289.David_Mitchell,Penguin Random House,Oct '12,Oct,2012,41,https://swordandlaser.fandom.com/wiki/Book_List,Mar,2004,Tom & Veronica,Male,United Kingdom,Europe
https://swordandlaser.fandom.com/wiki/Book_List,Foundation,https://swordandlaser.fandom.com/wiki/Foundation,Isaac Asimov,http://www.goodreads.com/author/show/16667.Isaac_Asimov,Spectra (Penguin Random House),Sep '12,Sep,2012,40,https://swordandlaser.fandom.com/wiki/Book_List,,1951,Tom,Male,Russia,Asia
https://swordandlaser.fandom.com/wiki/Book_List,Assassin's Apprentice,https://swordandlaser.fandom.com/wiki/Assassin%27s_Apprentice,Robin Hobb,http://www.goodreads.com/author/show/25307.Robin_Hobb,Spectra (Penguin Random House),Aug '12,Aug,2012,39,https://swordandlaser.fandom.com/wiki/Book_List,May,1995,Veronica,Female,United States,North America
https://swordandlaser.fandom.com/wiki/Book_List,Leviathan Wakes,https://swordandlaser.fandom.com/wiki/Leviathan_Wakes,James S.A. Corey,http://www.goodreads.com/author/show/4192148.James_S_A_Corey,Orbit Books (Hachette),Jul '12,Jul,2012,38,https://swordandlaser.fandom.com/wiki/Book_List,Jun,2011,Poll,Male,United States,North America
https://swordandlaser.fandom.com/wiki/Book_List,Tigana,https://swordandlaser.fandom.com/wiki/Tigana,Guy Gavriel Kay,http://www.goodreads.com/author/show/60177.Guy_Gavriel_Kay,Penguin Random House,Jun '12,Jun,2012,37,https://swordandlaser.fandom.com/wiki/Book_List,,1990,Poll,Male,United States,North America
https://swordandlaser.fandom.com/wiki/Book_List,Hyperion,https://swordandlaser.fandom.com/wiki/Hyperion,Dan Simmons,http://www.goodreads.com/author/show/2687.Dan_Simmons,Doubleday (Penguin Random House),May '12,May,2012,36,https://swordandlaser.fandom.com/wiki/Book_List,May,1989,Poll,Male,United States,North America
https://swordandlaser.fandom.com/wiki/Book_List,The Magicians,https://swordandlaser.fandom.com/wiki/The_Magicians,Lev Grossman,http://www.goodreads.com/author/show/142270.Lev_Grossman,Viking Press (Penguin Random House),Apr '12,Apr,2012,35,https://swordandlaser.fandom.com/wiki/Book_List,Aug,2009,Tom & Veronica,Male,United States,North America
https://swordandlaser.fandom.com/wiki/Book_List,The Lies of Locke Lamora,https://swordandlaser.fandom.com/wiki/The_Lies_of_Locke_Lamora,Scott Lynch,http://www.goodreads.com/author/show/73149.Scott_Lynch,Spectra (Penguin Random House),Feb '12,Feb,2012,34,https://swordandlaser.fandom.com/wiki/Book_List,Jun,2006,Poll,Male,United States,North America
https://swordandlaser.fandom.com/wiki/Book_List,Empire State,https://swordandlaser.fandom.com/wiki/Empire_State,Adam Christopher,http://www.goodreads.com/author/show/590743.Adam_Christopher,Angry Robot (Harper Collins),Jan '12,Jan,2012,33a,https://swordandlaser.fandom.com/wiki/Book_List,Jan,2011,Tom,Male,New Zealand,Oceana
https://swordandlaser.fandom.com/wiki/Book_List,Rule 34,https://swordandlaser.fandom.com/wiki/Rule_34,Charles Stross,http://www.goodreads.com/author/show/8794.Charles_Stross,Ace (Penguin Random House),Jan '12,Jan,2012,33,https://swordandlaser.fandom.com/wiki/Book_List,,2011,Tom & Veronica,Male,United Kingdom,Europe
https://swordandlaser.fandom.com/wiki/Book_List,1Q84,https://swordandlaser.fandom.com/wiki/1Q84,Haruki Murakami,http://www.goodreads.com/author/show/3354.Haruki_Murakami,Knopf (Penguin Random House),Nov '11,Nov,2011,32a,https://swordandlaser.fandom.com/wiki/Book_List,May,2009,Tom & Veronica,Male,Japan,Asia
https://swordandlaser.fandom.com/wiki/Book_List,Elantris,https://swordandlaser.fandom.com/wiki/Elantris,Brandon Sanderson,http://www.goodreads.com/author/show/38550.Brandon_Sanderson,Tor Books (Macmillan),Nov '11,Nov,2011,32,https://swordandlaser.fandom.com/wiki/Book_List,May,2005,Poll,Male,United States,North America
https://swordandlaser.fandom.com/wiki/Book_List,Reamde,https://swordandlaser.fandom.com/wiki/Reamde,Neal Stephenson,http://www.goodreads.com/author/show/545.Neal_Stephenson,William Morrow (Harper Collins),Oct '11,Oct,2011,31a,https://swordandlaser.fandom.com/wiki/Book_List,Sep,2011,Tom & Veronica,Male,United States,North America
https://swordandlaser.fandom.com/wiki/Book_List,Ready Player One,https://swordandlaser.fandom.com/wiki/Ready_Player_One,Ernest Cline,http://www.goodreads.com/author/show/31712.Ernest_Cline,Penguin Random House,Oct '11,Oct,2011,31,https://swordandlaser.fandom.com/wiki/Book_List,Aug,2011,Tom,Male,United States,North America
https://swordandlaser.fandom.com/wiki/Book_List,Flashforward,https://swordandlaser.fandom.com/wiki/Flashforward,Robert J. Sawyer,http://www.goodreads.com/author/show/25883.Robert_J_Sawyer,Tor Books (Macmillan),Aug '11,Aug,2011,30,https://swordandlaser.fandom.com/wiki/Book_List,,1999,Tom & Veronica,Male,Canada,North America
https://swordandlaser.fandom.com/wiki/Book_List,Fuzzy Nation,https://swordandlaser.fandom.com/wiki/Fuzzy_Nation,John Scalzi,http://www.goodreads.com/author/show/4763.John_Scalzi,Tor Books (Macmillan),Jul '11,Jul,2011,29a,https://swordandlaser.fandom.com/wiki/Book_List,May,2011,Poll,Male,United States,North America
https://swordandlaser.fandom.com/wiki/Book_List,A Dance With Dragons,https://swordandlaser.fandom.com/wiki/A_Dance_With_Dragons,George R. R. Martin,http://www.goodreads.com/author/show/346732.George_R_R_Martin,Spectra (Penguin Random House),Jul '11,Jul,2011,29,https://swordandlaser.fandom.com/wiki/Book_List,Jul,2011,Tom & Veronica,Male,United States,North America
https://swordandlaser.fandom.com/wiki/Book_List,The Hunger Games,https://swordandlaser.fandom.com/wiki/The_Hunger_Games,Suzanne Collins,http://www.goodreads.com/author/show/153394.Suzanne_Collins,Scholastic Press,Jun '11,Jun,2011,28,https://swordandlaser.fandom.com/wiki/Book_List,Sep,2008,Poll,Female,United States,North America
https://swordandlaser.fandom.com/wiki/Book_List,The Hundred Thousand Kingdoms,https://swordandlaser.fandom.com/wiki/The_Hundred_Thousand_Kingdoms,N. K. Jemisin,https://www.goodreads.com/author/show/2917917.N_K_Jemisin,Orbit Books (Hachette),May '11,May,2011,27,https://swordandlaser.fandom.com/wiki/Book_List,Feb,2010,Veronica,Female,United States,North America
https://swordandlaser.fandom.com/wiki/Book_List,Blindsight,https://swordandlaser.fandom.com/wiki/Blindsight,Peter Watts,http://www.goodreads.com/author/show/27167.Peter_Watts,Tor Books (Macmillan),Apr '11,Apr,2011,26,https://swordandlaser.fandom.com/wiki/Book_List,Oct,2006,Tom & Veronica,Male,United States,North America
https://swordandlaser.fandom.com/wiki/Book_List,Shadow and Claw,https://swordandlaser.fandom.com/wiki/Shadow_and_Claw,Gene Wolfe,http://www.goodreads.com/author/show/23069.Gene_Wolfe,Orb Books (Macmillan),Feb '11,Feb,2011,25,https://swordandlaser.fandom.com/wiki/Book_List,Oct,1994,Tom,Male,United States,North America
https://swordandlaser.fandom.com/wiki/Book_List,Good Omens,https://swordandlaser.fandom.com/wiki/Good_Omens,Neil Gaiman; Terry Pratchett,http://www.goodreads.com/author/show/1221698.Neil_Gaiman; http://www.goodreads.com/author/show/1654.Terry_Pratchett,Workman,Jan '11,Jan,2011,24,https://swordandlaser.fandom.com/wiki/Book_List,May,1990,Poll,Male,United Kingdom,Europe
https://swordandlaser.fandom.com/wiki/Book_List,How to Live Safely in a Science Fictional Universe,https://swordandlaser.fandom.com/wiki/How_to_Live_Safely_in_a_Science_Fictional_Universe,Charles Yu,http://www.goodreads.com/author/show/221608.Charles_Yu,Pantheon (Penguin Random House),Nov '10,Nov,2010,23,https://swordandlaser.fandom.com/wiki/Book_List,Jul,2010,Tom & Veronica,Male,United States,North America
https://swordandlaser.fandom.com/wiki/Book_List,The Princess Bride,https://swordandlaser.fandom.com/wiki/The_Princess_Bride,William Goldman,http://www.goodreads.com/author/show/12521.William_Goldman,Houghton Mifflin Harcourt,Sep '10,Sep,2010,22,https://swordandlaser.fandom.com/wiki/Book_List,Sep,1973,Veronica,Male,United States,North America
https://swordandlaser.fandom.com/wiki/Book_List,The Once and Future King,https://swordandlaser.fandom.com/wiki/The_Once_and_Future_King,T. H. White,https://www.goodreads.com/author/show/426944.T_H_White,Ace (Penguin Random House),Sep '10,Sep,2010,21,https://swordandlaser.fandom.com/wiki/Book_List,,1958,Poll,Male,India,Asia
https://swordandlaser.fandom.com/wiki/Book_List,The Moon is a Harsh Mistress,https://swordandlaser.fandom.com/wiki/The_Moon_is_a_Harsh_Mistress,Robert A. Heinlein,http://www.goodreads.com/author/show/205.Robert_A_Heinlein,Orb Books (Macmillan),Jul '10,Jul,2010,20,https://swordandlaser.fandom.com/wiki/Book_List,Apr,1966,Poll,Male,United States,North America
https://swordandlaser.fandom.com/wiki/Book_List,The Blade Itself,https://swordandlaser.fandom.com/wiki/The_Blade_Itself,Joe Abercrombie,http://www.goodreads.com/author/show/276660.Joe_Abercrombie,St. Martin's Press (Macmillan),Jun '10,Jun,2010,19a,https://swordandlaser.fandom.com/wiki/Book_List,May,2006,Poll,Male,United Kingdom,Europe
https://swordandlaser.fandom.com/wiki/Book_List,World War Z: An Oral History of the Zombie War,https://swordandlaser.fandom.com/wiki/World_War_Z:_An_Oral_History_of_the_Zombie_War,Max Brooks,http://www.goodreads.com/author/show/5791.Max_Brooks,Crown (Penguin Random House),Jun '10,Jun,2010,19,https://swordandlaser.fandom.com/wiki/Book_List,Sep,2006,Poll,Male,United States,North America
https://swordandlaser.fandom.com/wiki/Book_List,Bitter Seeds,https://swordandlaser.fandom.com/wiki/Bitter_Seeds,Ian Tregillis,http://www.goodreads.com/author/show/2924955.Ian_Tregillis,Tor Books (Macmillan),May '10,May,2010,18,https://swordandlaser.fandom.com/wiki/Book_List,Apr,2010,Tom & Veronica,Male,United States,North America
https://swordandlaser.fandom.com/wiki/Book_List,The Windup Girl,https://swordandlaser.fandom.com/wiki/The_Windup_Girl,Paolo Bacigalupi,http://www.goodreads.com/author/show/1226977.Paolo_Bacigalupi,Night Shade Books (Perseus Books Group),Mar '10,Mar,2010,17,https://swordandlaser.fandom.com/wiki/Book_List,Sep,2009,Tom & Veronica,Male,United States,North America
https://swordandlaser.fandom.com/wiki/Book_List,Down and out in the Magic Kingdom,https://swordandlaser.fandom.com/wiki/Down_and_out_in_the_Magic_Kingdom,Cory Doctorow,http://www.goodreads.com/author/show/12581.Cory_Doctorow,Tor Books (Macmillan),Jan '10,Jan,2010,16,https://swordandlaser.fandom.com/wiki/Book_List,Jan,2003,Poll,Male,Canada,North America
https://swordandlaser.fandom.com/wiki/Book_List,Mists of Avalon,https://swordandlaser.fandom.com/wiki/Mists_of_Avalon,Marion Zimmer Bradley,http://www.goodreads.com/author/show/4841825.Marion_Zimmer_Bradley,Knopf (Penguin Random House),Oct '09,Oct,2009,15,https://swordandlaser.fandom.com/wiki/Book_List,Dec,1982,Tom & Veronica,Female,United States,North America
https://swordandlaser.fandom.com/wiki/Book_List,The Forever War,https://swordandlaser.fandom.com/wiki/The_Forever_War,Joe Haldeman,http://www.goodreads.com/author/show/12476.Joe_Haldeman,St. Martin's Press (Macmillan),Aug '09,Aug,2009,14,https://swordandlaser.fandom.com/wiki/Book_List,Dec,1974,Tom,Male,United States,North America
https://swordandlaser.fandom.com/wiki/Book_List,A Game of Thrones,https://swordandlaser.fandom.com/wiki/A_Game_of_Thrones,George R. R. Martin,http://www.goodreads.com/author/show/346732.George_R_R_Martin,Spectra (Penguin Random House),Jun '09,Jun,2009,13,https://swordandlaser.fandom.com/wiki/Book_List,Aug ,1996,Veronica,Male,United States,North America
https://swordandlaser.fandom.com/wiki/Book_List,Daemon,https://swordandlaser.fandom.com/wiki/Daemon,Daniel Suarez,http://www.goodreads.com/author/show/1956402.Daniel_Suarez,Signet (Penguin Random House),Apr '09,Apr,2009,12,https://swordandlaser.fandom.com/wiki/Book_List,Dec,2006,Tom & Veronica,Male,United States,North America
https://swordandlaser.fandom.com/wiki/Book_List,Dune,https://swordandlaser.fandom.com/wiki/Dune,Frank Herbert,http://www.goodreads.com/author/show/58.Frank_Herbert,Ace (Penguin Random House),Mar '09,Mar,2009,11,https://swordandlaser.fandom.com/wiki/Book_List,Jun,1965,Tom & Veronica,Male,United States,North America
https://swordandlaser.fandom.com/wiki/Book_List,The Eye of the World,https://swordandlaser.fandom.com/wiki/The_Eye_of_the_World,Robert Jordan,http://www.goodreads.com/author/show/6252.Robert_Jordan,Tor Books (Macmillan),Jan '09,Jan,2009,10,https://swordandlaser.fandom.com/wiki/Book_List,Jan,1990,Tom & Veronica,Male,United States,North America
https://swordandlaser.fandom.com/wiki/Book_List,Memoirs Found in a Bathtub,https://swordandlaser.fandom.com/wiki/Memoirs_Found_in_a_Bathtub,Stanislaw Lem,https://www.goodreads.com/author/show/10991.Stanis_aw_Lem,Mariner Books (Houghton Mifflin Harcourt),Nov '08,Nov,2008,9,https://swordandlaser.fandom.com/wiki/Book_List,,1961,Tom,Male,Poland,Europe
https://swordandlaser.fandom.com/wiki/Book_List,Anathem,https://swordandlaser.fandom.com/wiki/Anathem,Neal Stephenson,http://www.goodreads.com/author/show/545.Neal_Stephenson,William Morrow (Harper Collins),Sep '08,Sep,2008,8,https://swordandlaser.fandom.com/wiki/Book_List,Sep,2008,Tom & Veronica,Male,United States,North America
https://swordandlaser.fandom.com/wiki/Book_List,Watership Down,https://swordandlaser.fandom.com/wiki/Watership_Down,Richard Adams,http://www.goodreads.com/author/show/7717.Richard_Adams,Scribner (Simon and Schuster),Jul '08,Jul,2008,7,https://swordandlaser.fandom.com/wiki/Book_List,Nov,1972,Veronica,Male,United Kingdom,Europe
https://swordandlaser.fandom.com/wiki/Book_List,Unshapely Things,https://swordandlaser.fandom.com/wiki/Unshapely_Things,Mark Del Franco,http://www.goodreads.com/author/show/221073.Mark_Del_Franco,Ace (Penguin Random House),May '08,May,2008,6,https://swordandlaser.fandom.com/wiki/Book_List,Jan,2007,Poll,Male,United States,North America
https://swordandlaser.fandom.com/wiki/Book_List,Childhood's End,https://swordandlaser.fandom.com/wiki/Childhood%27s_End,Arthur C. Clarke,http://www.goodreads.com/author/show/7779.Arthur_C_Clarke,Ballantine Books (Penguin Random House),Apr '08,Apr,2008,5,https://swordandlaser.fandom.com/wiki/Book_List,Aug,1953,Poll,Male,United Kingdom,Europe
https://swordandlaser.fandom.com/wiki/Book_List,Neuromancer,https://swordandlaser.fandom.com/wiki/Neuromancer,William Gibson,http://www.goodreads.com/author/show/9226.William_Gibson,Ace (Penguin Random House),Jan '08,Jan,2008,4,https://swordandlaser.fandom.com/wiki/Book_List,Jul,1984,Poll,Male,United States,North America
https://swordandlaser.fandom.com/wiki/Book_List,American Gods,https://swordandlaser.fandom.com/wiki/American_Gods,Neil Gaiman,http://www.goodreads.com/author/show/1221698.Neil_Gaiman,William Morrow (Harper Collins),Dec '07,Dec,2007,3,https://swordandlaser.fandom.com/wiki/Book_List,Jun,2001,Poll,Male,United Kingdom,Europe
https://swordandlaser.fandom.com/wiki/Book_List,Ender's Game,https://swordandlaser.fandom.com/wiki/Ender%27s_Game,Orson Scott Card,http://www.goodreads.com/author/show/589.Orson_Scott_Card,Tor Books (Macmillan),Nov '07,Nov,2007,2,https://swordandlaser.fandom.com/wiki/Book_List,,1985,Poll,Male,United States,North America
https://swordandlaser.fandom.com/wiki/Book_List,The Golden Compass,https://swordandlaser.fandom.com/wiki/The_Golden_Compass,Philip Pullman,http://www.goodreads.com/author/show/3618.Philip_Pullman,Scholastic,Oct '07,Oct,2007,1,https://swordandlaser.fandom.com/wiki/Book_List,Jul,1995,Tom & Veronica,Male,United Kingdom,Europe